{
    "ore": {
        "accounts": [
            { "username": "nole_tlz_1", "password": "noletuban1" },
	    { "username": "4sleril_", "password": "mphuc191208" },
            { "username": "nole_tlz_2", "password": "noletuban2" },
            { "username": "2sleril_", "password": "mphuc191208" },
	    { "username": "3sleril_", "password": "mphuc191208" },
            { "username": "WeLoveDogs", "password": "tuiyeucho*#" },
            { "username": "dungmaanhoi", "password": "dungmaanhoi123" },
            { "username": "GhostLamSaDi", "password": "1234567890az" },
            { "username": "LamBaby", "password": "zerotwo" },
            { "username": "RiuSat", "password": "01283292155" },
            { "username": "minhphuc1912", "password": "mphuc191208" },
            { "username": "dontputthesalt", "password": "dontputthesalt123" }
        ]
    },
    "mobs": {
        "accounts": [
            { "username": "MS_Ling", "password": "ling06072008" },
            { "username": "KareniaKaen", "password": "tmin22092005" },
            { "username": "TuiLaZeroTwo", "password": "zerotwo*#" },
            { "username": "RiuVang", "password": "01283292155a" }
        ]
    },
    "trade": {
        "accounts": [
            { "username": "tilizi_iron", "password": "noleqdc" }
        ]
    },
    "notinuse": {
        "accounts": [
	        { "username": "Nadandon", "password": "emdandon420%" },
            { "username": "KingPhoenix", "password": "nth13072007" },
            { "username": "ToiKhongPhaiGay", "password": "nth13072007" },
            { "username": "ToiKhongPhaiGay1", "password": "nth13072007" },
            { "username": "ToiKhongPhaiGay2", "password": "nth13072007" },
            { "username": "KhoangSanPro", "password": "nth13072007" },
            { "username": "KhoangSanPro1", "password": "nth13072007" },
            { "username": "KhoangSanPro2", "password": "nth13072007" },
	    { "username": "tilizi_dado", "password": "noleqdc" },
            { "username": "Hisamitsu", "password": "tlzztb2009" },           
            { "username": "Now6", "password": "01283292155" },
            { "username": "Jack98", "password": "01283292155" },
            { "username": "KarenDayLing", "password": "tmin22092209" },
	    { "username": "MyItemPro", "password": "nth13072007" },
	    { "username": "MyItemNoob", "password": "nth13072007" },
            { "username": "FatherHoa", "password": "ling06072008" }
        ]
    },
    "crate": {
        "accounts": [
            { "username": "vuasuccrate1", "password": "vuasuccrate" },
            { "username": "vuasuccrate2", "password": "vuasuccrate" }
        ]
    }
}
